Season,Player,Pos,Player_ID,url
Inactive,A.J. Price,PG,priceaj01,file:///Users/alexcheng/Downloads/us.sitesucker.mac.sitesucker/www.basketball-reference.com/players/p/priceaj01.html
Active,Aaron Brooks,PG,brookaa01,file:///Users/alexcheng/Downloads/us.sitesucker.mac.sitesucker/www.basketball-reference.com/players/b/brookaa01.html
Active,Aaron Gordon,SF,gordoaa01,file:///Users/alexcheng/Downloads/us.sitesucker.mac.sitesucker/www.basketball-reference.com/players/g/gordoaa01.html
Active,Aaron Harrison,SG,harriaa01,file:///Users/alexcheng/Downloads/us.sitesucker.mac.sitesucker/www.basketball-reference.com/players/h/harriaa01.html
Active,Adreian Payne,PF,paynead01,file:///Users/alexcheng/Downloads/us.sitesucker.mac.sitesucker/www.basketball-reference.com/players/p/paynead01.html