first_pos,second_pos,third_pos,fourth_pos,fifth_pos,TEAM,GP,MIN,OFFRTG,DEFRTG,NETRTG,AST%,AST/TO,AST RATIO,OREB%,DREB%,REB%,TO RATIO,EFG%,TS%,PACE,PIE
K.Caldwell-Pope,A.Drummond,E.Ilyasova,R.Jackson,M.Morris,DET,48,915,104.2,100.9,3.2,48.1,1.45,14.5,30.5,78.2,52.4,0.1,48.9,51.3,96.78,49.6
K.Bazemore,A.Horford,K.Korver,P.Millsap,J.Teague,ATL,70,892,104.4,100.5,4,70.8,1.94,20.7,18.1,74.3,47.1,0.1,52.6,56,100.32,53.3
S.Adams,K.Durant,S.Ibaka,A.Roberson,R.Westbrook,OKC,59,816,113.3,95.6,17.8,61.9,1.82,19.6,31.6,77.5,56.9,0.2,54.6,58,97.9,62.6
A.Afflalo,C.Anthony,J.Calderon,R.Lopez,K.Porzingis,NYK,50,735,103.7,105.8,-2.1,50.1,1.41,15.6,26.3,77.6,52.8,0.1,50.2,53.3,94.25,48.9
A.Bradley,J.Crowder,A.Johnson,J.Sullinger,I.Thomas,BOS,60,723,105.3,102.9,2.4,67.9,2.23,20,24,71.9,47.7,0.1,50.5,53.3,98.78,51
L.Aldridge,T.Duncan,D.Green,K.Leonard,T.Parker,SAS,47,698,104.7,96.1,8.6,61.1,2.03,18.7,24.6,81.3,53.3,0.1,49.4,53,93.65,56
G.Dieng,Z.LaVine,R.Rubio,K.Towns,A.Wiggins,MIN,46,648,113.5,109.6,3.9,66.8,1.78,20.4,23.5,73.7,49.9,0.2,55.8,60.8,99.45,53.9
A.Aminu,D.Lillard,C.McCollum,M.Plumlee,N.Vonleh,POR,52,611,106,107.7,-1.7,55.3,1.54,16.6,26.2,78.9,51.4,0.1,51.6,54.3,96.73,45.8
K.Bryant,J.Clarkson,R.Hibbert,J.Randle,D.Russell,LAL,51,572,88.8,112.9,-24,49.3,1.09,13,19,74,44.6,0.2,42.7,47.1,100.11,35.1
H.Barnes,A.Bogut,S.Curry,D.Green,K.Thompson,GSW,49,552,109.4,96.2,13.2,70.9,1.96,21.7,20.2,80.4,51.8,0.2,56.6,58.5,101.99,56.6
G.Antetokounmpo,M.Carter-Williams,K.Middleton,G.Monroe,J.Parker,MIL,41,539,105.6,112.4,-6.7,57,1.69,17.8,27.1,71.3,49.7,0.1,50.8,54.3,95.36,48.2
K.Irving,L.James,K.Love,J.Smith,T.Thompson,CLE,37,465,115.3,102.8,12.4,56.5,2.09,18,26.4,79.3,52.4,0.1,54.8,57.6,94.53,55.3
K.Caldwell-Pope,A.Drummond,T.Harris,R.Jackson,M.Morris,DET,25,462,107.4,104.3,3.2,55.4,1.75,17.2,24.4,81,52.5,0.1,52.8,55,95.33,50.7
M.Ellis,P.George,G.Hill,I.Mahinmi,M.Turner,IND,25,452,100.4,95.2,5.2,57.7,1.61,16.8,16.7,79.8,48.6,0.1,48.9,53.4,100.39,53.4
W.Matthews,D.Nowitzki,Z.Pachulia,C.Parsons,D.Williams,DAL,40,419,100.8,101.1,-0.3,66.9,1.79,18.5,19.6,76.8,48.6,0.1,49,52.9,93.56,52.3
W.Ellington,J.Johnson,B.Lopez,D.Sloan,T.Young,BKN,26,408,108.2,106.4,1.8,59.9,1.85,18.9,17.3,78.1,48.7,0.1,53.9,57.7,94.02,51.7
N.Batum,C.Lee,K.Walker,M.Williams,C.Zeller,CHA,23,406,114.5,104.5,9.9,63.7,2.31,19.6,19.1,78.7,49.1,0.1,55.2,59,97.43,55
D.Jordan,L.Mbah a Moute,C.Paul,P.Pierce,J.Redick,LAC,30,375,109.4,98.3,11.2,67.3,2.19,20,20.7,79.3,51.3,0.1,54.1,56.5,95.71,55.8
S.Adams,K.Durant,S.Ibaka,D.Waiters,R.Westbrook,OKC,49,360,113.2,99.8,13.4,60.1,1.84,18.4,28.2,74.9,53.6,0.1,53.5,57.7,99.95,60
C.Bosh,L.Deng,G.Dragic,D.Wade,H.Whiteside,MIA,28,339,100.3,100,0.3,57.3,1.52,17.4,22.9,77,51.3,0.2,50.4,52.9,92.35,50.9
E.Fournier,C.Frye,T.Harris,E.Payton,N.Vucevic,ORL,26,334,106.9,100.3,6.5,64.2,2.03,20.1,21.7,76.9,48.7,0.1,53.2,55.5,93.74,53
L.Allen,M.Ellis,P.George,G.Hill,I.Mahinmi,IND,40,333,101.6,94.8,6.8,54.9,1.17,15.8,28.6,79.3,55.2,0.2,50.1,53.9,96.98,55.1
M.Ellis,P.George,G.Hill,I.Mahinmi,C.Miles,IND,35,333,100.4,107.2,-6.7,51.7,1.17,15.1,14.3,69.5,40.8,0.2,51.8,55.8,103.32,44.8
D.DeRozan,J.Johnson,K.Lowry,L.Scola,J.Valanciunas,TOR,25,327,102.1,107.8,-5.7,50.6,1.3,14.8,24.8,75.7,50,0.1,48.6,53.4,95.87,47.1
J.Dudley,M.Gortat,O.Porter Jr.,G.Temple,J.Wall,WAS,38,311,101.9,105,-3.1,72,2.26,21.5,20.1,79.7,49,0.1,51.4,53.1,98,49.7
D.Favors,R.Gobert,G.Hayward,R.Hood,R.Neto,UTA,29,305,105.7,98.4,7.2,51.5,1.23,15.9,27,78,53.9,0.2,52.6,56.4,92.26,54.9
B.Biyombo,C.Joseph,K.Lowry,P.Patterson,T.Ross,TOR,42,297,111.1,94.7,16.4,57,1.55,16.7,26.9,70.7,50.1,0.1,53.1,57.3,91.24,62.9
B.Bogdanovic,J.Jack,J.Johnson,B.Lopez,T.Young,BKN,30,296,104.7,108.4,-3.7,59.4,1.57,18.1,28.5,76.6,51.7,0.2,50.7,53.9,96.43,47
T.Ariza,P.Beverley,J.Harden,D.Howard,D.Motiejunas,HOU,33,295,112.7,100.3,12.5,65.9,1.73,19.9,25.2,74.3,50.8,0.2,56.5,59.6,99.16,55.6
A.Aminu,M.Harkless,D.Lillard,C.McCollum,M.Plumlee,POR,36,290,113.2,98.8,14.4,61.1,1.64,18.7,25.3,75.2,51.2,0.2,56.7,59.4,100.92,57.3
K.Faried,D.Gallinari,G.Harris,N.Jokic,E.Mudiay,DEN,21,290,104.8,107.3,-2.6,64.3,1.84,18.2,31.4,78.5,53.5,0.1,47.5,51.9,97.41,49
G.Antetokounmpo,J.Bayless,K.Middleton,G.Monroe,J.Parker,MIL,27,289,110.7,111.1,-0.3,63.9,2.6,20.3,17.8,73.4,45.1,0.1,53.4,57.1,94.85,49.4
K.Garnett,T.Prince,R.Rubio,K.Towns,A.Wiggins,MIN,25,276,103.3,92.6,10.7,70.6,2.75,21.2,18.3,81.2,49.7,0.1,48.8,52.8,93.21,58.3
B.Griffin,D.Jordan,L.Mbah a Moute,C.Paul,J.Redick,LAC,18,273,111.1,91.7,19.4,67.1,2.23,21.3,25.4,80.5,54.2,0.1,55.7,56.9,97.27,62.1
R.Felton,W.Matthews,D.Nowitzki,Z.Pachulia,D.Williams,DAL,37,272,115.2,100.6,14.6,56.7,2.4,17.8,22.4,78.2,50.1,0.1,53,57.4,93.2,58.5
G.Dieng,T.Prince,R.Rubio,K.Towns,A.Wiggins,MIN,36,262,106,108.6,-2.7,63.6,2.09,19.4,26.3,71.1,48.5,0.1,50.1,53.5,93.99,51
T.Allen,M.Conley,M.Gasol,C.Lee,Z.Randolph,MEM,25,261,103.3,97.5,5.9,65.3,2.16,19.2,23.6,75.5,48.8,0.1,48,52.3,92.15,53.9
N.Batum,P.Hairston,K.Walker,M.Williams,C.Zeller,CHA,23,259,108.1,107.6,0.5,70.1,2.23,20.6,16.4,77,46.4,0.1,53.7,57,96.78,48.7
D.Favors,R.Gobert,G.Hayward,R.Hood,S.Mack,UTA,22,256,109.8,100.4,9.4,59.1,1.52,18.3,27.9,80.9,56.2,0.2,55,58,92.17,56.7
A.Bogut,S.Curry,D.Green,B.Rush,K.Thompson,GSW,31,254,111.7,95.1,16.6,70.8,1.82,22.1,16.3,76.4,50.4,0.2,60.9,62.4,105.66,59.5
K.Irving,L.James,K.Love,T.Mozgov,J.Smith,CLE,28,251,99.5,107.1,-7.6,62.3,1.41,18.4,22.1,77.1,50.2,0.2,52,54,96.68,45.6
A.Horford,K.Korver,P.Millsap,T.Sefolosha,J.Teague,ATL,45,235,103.2,96.9,6.3,62.4,1.64,18.7,21.3,71.1,47.5,0.2,51.9,54.7,97.81,54.1
B.Beal,J.Dudley,M.Gortat,O.Porter Jr.,J.Wall,WAS,30,230,108.1,100.6,7.6,67.9,1.92,20.7,21.8,76.6,49.1,0.1,54.7,57.4,102.13,55.6
C.Anthony,J.Calderon,R.Lopez,K.Porzingis,S.Vujacic,NYK,17,229,101.3,97.5,3.8,64.2,1.71,18,26.6,80.2,53.1,0.1,47.8,51.4,96.64,50.4
D.Carroll,D.DeRozan,K.Lowry,L.Scola,J.Valanciunas,TOR,15,229,104.1,107,-2.8,57.1,1.51,16.6,28.4,80.1,51.9,0.1,49.8,53.1,95.99,46.2
K.Bryant,J.Clarkson,R.Hibbert,L.Nance Jr.,L.Williams,LAL,18,221,95.8,116.6,-20.7,53.2,1.51,15.8,18.9,71.5,44.4,0.1,47.6,50.3,97.72,38.2
J.Butler,P.Gasol,T.Gibson,D.Rose,T.Snell,CHI,22,220,93.3,90.6,2.7,51.9,1.53,15,20,72.7,49.2,0.1,43.9,48.2,96.34,54
R.Hollis-Jefferson,J.Jack,J.Johnson,B.Lopez,T.Young,BKN,16,220,98.9,95.8,3.1,53.6,1.3,15.7,28.6,84.4,56.4,0.2,46.9,50.9,101.29,50.9
E.Fournier,A.Gordon,V.Oladipo,E.Payton,N.Vucevic,ORL,22,219,102.3,108.5,-6.2,65.4,1.87,19.3,24.4,77.3,50.7,0.1,50.5,53,102.64,48.5
B.Biyombo,D.DeRozan,C.Joseph,P.Patterson,T.Ross,TOR,54,218,104.7,91,13.7,45.5,1.42,12.9,22,79.7,52,0.1,46.7,53.3,96.57,59
J.Butler,P.Gasol,N.Mirotic,D.Rose,T.Snell,CHI,26,203,99.4,102.9,-3.5,63.1,1.87,17.6,18.6,69.1,44.3,0.1,47.5,51.7,100.89,50.6
T.Ariza,P.Beverley,C.Brewer,J.Harden,D.Howard,HOU,41,201,105,111.9,-6.9,60.7,1.4,16.8,23.2,67,45.5,0.2,52.7,55.6,100.25,43.3
D.Booker,T.Chandler,A.Len,R.Price,P.Tucker,PHX,14,200,95.7,98.2,-2.5,55.8,0.98,14.8,33.3,81.7,56.9,0.2,46.6,50.4,98.78,47.1
M.Barnes,M.Conley,M.Gasol,J.Green,C.Lee,MEM,26,199,101.6,105,-3.3,61.1,1.69,17.7,19.3,71.3,45.5,0.1,49.8,53.6,94.75,47.7
K.Bryant,J.Clarkson,R.Hibbert,J.Randle,L.Williams,LAL,33,198,94.6,118,-23.3,46.1,1.05,12.7,19.5,72.7,46.4,0.2,45,50.4,100.4,35.1
M.Dellavedova,L.James,K.Love,J.Smith,T.Thompson,CLE,46,198,120.4,96.2,24.2,62.4,2.58,18.7,30.2,81.3,55.8,0.1,53.8,58,93.84,62.3
T.Ariza,P.Beverley,C.Capela,J.Harden,D.Howard,HOU,22,197,107.7,100.5,7.2,55.3,1.2,15.6,36.3,79.9,58.6,0.2,51.5,55,94.71,54.1
B.Beal,M.Gortat,M.Morris,O.Porter Jr.,J.Wall,WAS,18,197,107.2,101.6,5.6,67.4,1.9,20.4,23.4,81.1,54.2,0.1,53.7,56.6,101.14,55.2
L.Deng,G.Dragic,J.Johnson,A.Stoudemire,D.Wade,MIA,16,197,118.5,107.8,10.7,57.4,2,20.6,22.5,75,51,0.1,60.1,62.9,94.39,56.5
A.Crabbe,E.Davis,G.Henderson,M.Leonard,C.McCollum,POR,34,194,106.3,104.3,2,58.9,1.82,18.3,16.9,84.2,51,0.1,53.6,56.5,96.52,50.6
K.Faried,G.Harris,N.Jokic,E.Mudiay,J.Sampson,DEN,14,193,111.6,102.5,9.1,66.9,1.82,20.6,28.3,79.3,55.7,0.2,55.4,58.4,96.93,55.6
L.Deng,G.Dragic,J.Richardson,H.Whiteside,J.Winslow,MIA,22,190,111.3,105.5,5.7,59.8,1.91,18.6,29.9,75.9,54.5,0.1,53.7,56.1,98.43,57.4
C.Aldrich,J.Crawford,W.Johnson,P.Prigioni,A.Rivers,LAC,23,187,90.4,108.6,-18.3,57.8,1.21,15.6,16.7,63,38.4,0.2,45.5,49.4,96.56,36.5
L.Aldridge,D.Green,K.Leonard,T.Parker,D.West,SAS,25,185,104,97.4,6.6,59.1,2.41,19.1,19.4,82.3,49.7,0.1,50.4,52.9,96.13,52.8
O.Casspi,D.Cousins,R.Gay,B.McLemore,R.Rondo,SAC,23,178,103.8,104.4,-0.7,60.4,1.48,18.8,21.3,76.2,50.4,0.2,54.8,56.7,103.17,51.7
T.Hardaway Jr.,A.Horford,D.Schroder,M.Scott,T.Sefolosha,ATL,39,178,106,86.7,19.3,69.7,2.41,20.8,15.7,80.3,50,0.1,52.4,55.7,96.98,62.4
E.Bledsoe,T.Chandler,B.Knight,M.Morris,P.Tucker,PHX,13,177,105,100.2,4.8,46.6,1.26,14.3,23.6,79.8,51.5,0.1,51.1,54.7,100.11,52
A.Aminu,M.Leonard,D.Lillard,C.McCollum,M.Plumlee,POR,22,175,113,111.3,1.6,62.4,1.96,18.7,14.8,78.5,47.6,0.1,56.3,60.4,98.86,48.8
H.Barnes,S.Curry,D.Green,A.Iguodala,K.Thompson,GSW,37,172,142,95,47,65.9,2.22,22.5,27,71.6,54.1,0.1,72.3,75,107.67,73.2
K.Caldwell-Pope,A.Drummond,R.Jackson,M.Morris,A.Tolliver,DET,45,169,106.6,97.2,9.4,37.3,1.51,12,26.2,77.5,50.9,0.1,50,51.8,97.02,52.1
T.Allen,M.Conley,M.Gasol,J.Green,Z.Randolph,MEM,18,167,96.2,108,-11.8,47.9,1.1,13.9,28,71.5,48.7,0.2,46.5,50,90.72,43.4
E.Fournier,T.Harris,V.Oladipo,E.Payton,N.Vucevic,ORL,19,165,90.7,104,-13.3,64.2,1.51,17,20.6,75.6,48.1,0.1,43.3,47.8,98.49,43.4
M.Dellavedova,L.James,K.Love,T.Mozgov,J.Smith,CLE,35,163,109.5,109.4,0.1,61.4,1.56,18.5,25.8,76.6,53.1,0.2,55.3,57.8,92.91,49
N.Batum,P.Hairston,A.Jefferson,K.Walker,M.Williams,CHA,14,162,111.2,100.2,10.9,57.6,2.42,18.3,20.8,81.4,49.7,0.1,52.6,55.6,96.84,52.8
A.Baynes,S.Blake,S.Johnson,M.Morris,A.Tolliver,DET,27,160,104.6,92,12.5,55.1,1.4,16.9,20.5,83.3,52.6,0.2,54.1,56.4,95,56.8
W.Johnson,D.Jordan,L.Mbah a Moute,C.Paul,J.Redick,LAC,29,158,104.3,86,18.3,63.3,1.9,17.9,18.7,72,46.1,0.1,50.7,54,98.59,61.4
A.Bogut,S.Curry,D.Green,A.Iguodala,K.Thompson,GSW,46,156,124,92.2,31.8,71.9,1.89,22.6,22,69,50,0.2,66.1,67.8,97.86,69.4
M.Ellis,P.George,G.Hill,J.Hill,M.Turner,IND,25,156,101,104.7,-3.7,56.8,1.42,17.7,23.4,73.7,48.1,0.2,52.2,54.1,98.29,47.7
B.Bogdanovic,W.Ellington,B.Lopez,D.Sloan,T.Young,BKN,18,155,99.8,106,-6.2,55,1.61,16.5,15.1,72.1,44.4,0.1,49.2,53.3,97.07,45.7
B.Griffin,D.Jordan,C.Paul,J.Redick,L.Stephenson,LAC,16,155,115,95,19.9,63.1,2.24,21.2,16.4,75.8,49.8,0.1,60.2,61.6,102.81,64.1
L.Deng,G.Dragic,D.Wade,H.Whiteside,J.Winslow,MIA,31,154,103.5,90.7,12.8,43.8,1.14,13.7,26.2,77.1,52.7,0.2,49.8,53.9,100.22,59.2
L.James,K.Love,T.Mozgov,J.Smith,M.Williams,CLE,15,154,104.6,101.9,2.6,62.5,1.43,18.9,27.4,81,54.9,0.2,53.8,55.7,96.27,50.8
D.DeRozan,K.Lowry,N.Powell,L.Scola,J.Valanciunas,TOR,15,150,99.5,109.8,-10.2,50.9,1.06,15,25,83.2,55.2,0.2,50.8,54.3,91.11,43.9
J.Butler,P.Gasol,T.Gibson,N.Mirotic,D.Rose,CHI,11,146,111.5,110.7,0.7,55.8,1.57,18.3,25.7,69.2,50.2,0.2,55.6,59.2,97.56,51.9
N.Bjelica,G.Dieng,Z.LaVine,K.Martin,S.Muhammad,MIN,19,144,96.7,96.9,-0.1,55.1,1.06,14.2,18.4,80.9,51,0.2,45.7,53.3,101.73,49.9
Q.Acy,D.Cousins,R.Gay,B.McLemore,R.Rondo,SAC,13,143,106.2,104.9,1.3,63.8,1.46,19.9,17.9,79.9,52.1,0.2,57,60,103.73,53
H.Barnes,S.Curry,F.Ezeli,D.Green,K.Thompson,GSW,16,142,109.8,106.7,3.2,69,1.98,21.4,19.8,75,49.1,0.1,57.3,59.6,101.47,54.2
B.Biyombo,D.DeRozan,C.Joseph,K.Lowry,P.Patterson,TOR,44,142,115.8,97.5,18.3,38,1.09,11.7,29.4,71.8,54.1,0.1,54.2,59,92.93,61.9
A.Gordon,T.Harris,V.Oladipo,E.Payton,N.Vucevic,ORL,14,141,105,112.6,-7.6,56.8,1.86,16.9,29.5,79.2,51.7,0.1,47.6,51.1,98.35,44.1
B.Beal,M.Gortat,K.Humphries,O.Porter Jr.,J.Wall,WAS,10,139,95,104.4,-9.3,63,1.15,16.8,28.6,75,50.7,0.2,47.3,50.8,103.06,44.6
G.Antetokounmpo,O.Mayo,K.Middleton,G.Monroe,J.Parker,MIL,17,135,107.4,95.8,11.6,59.2,1.58,18.3,23.3,73.7,50.2,0.2,52.9,57.3,102.19,59.5
G.Antetokounmpo,O.Mayo,K.Middleton,J.Parker,M.Plumlee,MIL,12,133,106.1,103.4,2.7,64.7,1.83,20.2,27.8,73,49.4,0.2,52,54.5,98.62,49.6
A.Bradley,J.Jerebko,K.Olynyk,M.Smart,E.Turner,BOS,21,133,118.9,96.4,22.5,62.2,2.74,20,23.9,75.9,49.3,0.1,56.6,59.5,96.24,62.6
O.Casspi,D.Collison,D.Cousins,R.Gay,R.Rondo,SAC,30,133,113.6,100.7,12.9,63.7,1.53,18.4,37.2,74.5,57.9,0.2,53,57.9,99.89,60.1
A.Crabbe,E.Davis,M.Harkless,G.Henderson,C.McCollum,POR,26,132,100.8,99.5,1.2,54.4,1.56,15.8,27.9,75.9,50.2,0.1,46.9,50.4,96.51,49
A.Aminu,A.Crabbe,D.Lillard,C.McCollum,M.Plumlee,POR,37,131,109.8,102.3,7.5,52.5,2.04,14.5,24.6,73.7,47.5,0.1,45.9,53.8,100.82,55.6
O.Asik,A.Davis,T.Evans,A.Gee,E.Gordon,NOP,15,131,104.1,109.6,-5.5,64.7,1.78,18.6,26.6,76.1,50.2,0.1,48.9,52.9,93.66,47.6
B.Biyombo,D.Carroll,D.DeRozan,K.Lowry,L.Scola,TOR,15,130,102.6,110.3,-7.8,53.1,1.63,15.8,21.7,79.2,49.3,0.1,48.9,52.7,93.17,45.7
J.Crawford,W.Johnson,D.Jordan,C.Paul,J.Redick,LAC,36,130,118.2,98.2,20,60.5,2.09,17.8,31,71.2,50.2,0.1,53.1,57.7,99.69,63.6
N.Batum,J.Lin,K.Walker,M.Williams,C.Zeller,CHA,30,129,112.2,103.4,8.8,54.1,2.04,15.4,25,79.3,51.3,0.1,48.9,55,99.1,52
J.Butler,P.Gasol,D.McDermott,N.Mirotic,D.Rose,CHI,32,129,101.8,94.8,7,60.7,1.42,17.5,18.6,78.6,51.2,0.2,51.5,55.8,107.5,55.7
A.Crabbe,E.Davis,G.Henderson,M.Leonard,D.Lillard,POR,30,129,110,96.4,13.6,57.8,1.91,17.5,23.7,78.6,52.6,0.1,52.3,56,98.84,60
K.Durant,S.Ibaka,E.Kanter,D.Waiters,R.Westbrook,OKC,38,129,129.1,114.9,14.2,53.4,1.8,16.8,40.2,77.9,59.1,0.1,55.1,62.2,96.79,58.1
E.Bledsoe,B.Knight,A.Len,J.Leuer,P.Tucker,PHX,13,128,100.5,97,3.6,57.8,1.19,17.4,33.6,73,53.8,0.2,51.5,53.1,98.09,52.1
A.Bradley,A.Johnson,J.Sullinger,I.Thomas,E.Turner,BOS,19,127,108.6,97.4,11.2,56.8,1.75,17.4,27,84.8,57.1,0.1,51.3,55.3,100.28,57.8
D.Booker,T.Chandler,B.Knight,A.Len,P.Tucker,PHX,9,126,93.2,111.5,-18.3,65.6,1.15,17.4,24.8,77.8,52.7,0.2,47.3,51.8,101.72,41.8
S.Curry,F.Ezeli,D.Green,A.Iguodala,K.Thompson,GSW,34,126,122.5,92.3,30.2,69.7,2.02,21.7,24.5,77.6,54.7,0.1,62.1,65,105.83,68.7
K.Garnett,K.Martin,R.Rubio,K.Towns,A.Wiggins,MIN,12,122,100.2,104.3,-4.1,71.1,1.88,19.1,21.2,70.9,46.5,0.1,46.8,52.2,97.58,50.3
M.Gortat,M.Morris,O.Porter Jr.,G.Temple,J.Wall,WAS,19,122,96.4,92.3,4,67,1.43,18.9,20.4,84.9,51.6,0.2,50.2,52.7,99.55,52.5
L.Aldridge,T.Duncan,M.Ginobili,K.Leonard,T.Parker,SAS,31,121,107.8,92.2,15.6,64,2,19.1,27.6,81.5,54.9,0.1,49.3,54.6,95.68,60.6
K.Faried,D.Gallinari,G.Harris,J.Hickson,E.Mudiay,DEN,9,121,101.4,108.5,-7.1,63.7,1.91,18.8,30.7,80.4,55.3,0.1,48.7,50.5,97.09,48.3
J.Dudley,M.Gortat,K.Oubre Jr.,G.Temple,J.Wall,WAS,15,115,105.3,105.1,0.2,68.6,2,21.3,21,67.5,45.5,0.1,55,55.7,100.07,49.7
L.Aldridge,B.Diaw,M.Ginobili,K.Leonard,P.Mills,SAS,41,114,113.2,97.9,15.3,66.7,2.13,21.1,18.5,74.3,48.2,0.1,56,60.1,95.15,59.4
L.Galloway,J.Grant,K.O'Quinn,L.Thomas,D.Williams,NYK,27,114,96.2,102.6,-6.4,60.3,1.24,15.4,25,80.4,53,0.2,45.3,51,97.91,47.3
W.Cauley-Stein,D.Cousins,R.Gay,B.McLemore,R.Rondo,SAC,13,113,112.1,100.3,11.8,61.4,1.63,18.9,27.5,83.3,56.2,0.2,55,58.5,100.55,57.5
D.Favors,G.Hayward,R.Hood,T.Lyles,R.Neto,UTA,19,113,108.2,97.9,10.3,53.5,1.59,16.3,22.4,79.4,52.2,0.1,51.9,55.9,91.32,55.9
M.Dunleavy,P.Gasol,T.Gibson,E.Moore,D.Rose,CHI,9,112,115.4,112.4,3,60.6,2.22,19.2,24,65.5,47,0.1,54.5,58.7,99.09,53.7
T.Ariza,P.Beverley,J.Harden,D.Howard,J.Smith,HOU,18,110,107.1,101,6.1,64.8,1.84,17.6,28.6,83.5,53.2,0.1,48.1,53.3,102.99,53.2
A.Brown,J.Clarkson,R.Hibbert,L.Nance Jr.,L.Williams,LAL,7,109,93.8,97.4,-3.6,46.2,1.24,12.4,21,75.9,47.6,0.1,42.8,47.7,98.55,46.2
R.Gobert,G.Hayward,R.Hood,T.Lyles,R.Neto,UTA,17,109,113.2,102.5,10.7,53.6,2.05,17.7,19.5,79.8,50,0.1,56.3,58.1,86.25,55.3
M.Belinelli,D.Collison,D.Cousins,R.Gay,R.Rondo,SAC,26,108,111.1,106.1,4.9,68.7,2.19,20.4,22.3,71.6,46.8,0.1,56,57.4,105.5,56.2
R.Covington,N.Noel,J.Okafor,I.Smith,N.Stauskas,PHI,12,106,92.7,109.7,-16.9,52.9,1.02,15.6,15.4,76.7,47.9,0.2,49.2,53.4,103.07,42.5
K.Bazemore,A.Horford,P.Millsap,T.Sefolosha,J.Teague,ATL,44,105,99,106,-6.9,59.7,1.54,15.4,20.6,72.2,45.7,0.1,45.7,50.8,101.16,42.6
C.Bosh,G.Dragic,G.Green,D.Wade,H.Whiteside,MIA,14,105,108.5,99.4,9.1,53.4,1.42,17.2,29.8,68.6,51.3,0.2,54.3,56.5,93.43,59.2
R.Covington,J.Grant,N.Noel,I.Smith,N.Stauskas,PHI,16,105,103.6,99.1,4.5,67.5,1.75,19.1,13.7,75,42.5,0.1,52.2,56.6,103.35,51.8
M.Ellis,P.George,G.Hill,S.Hill,I.Mahinmi,IND,20,105,119.3,94.9,24.4,61.3,2.38,19.1,30,83.3,58.3,0.1,54.2,58.8,100.89,66.7
A.Afflalo,C.Anthony,J.Calderon,R.Lopez,L.Thomas,NYK,28,103,107,100.4,6.5,51.2,1.07,16.2,19.5,81.4,54,0.2,55.7,60.9,98.72,52.3
B.Biyombo,D.DeRozan,K.Lowry,T.Ross,L.Scola,TOR,18,103,104.5,107.6,-3.1,50,1.29,15.4,20.2,79.2,52.4,0.2,52.6,56.1,94.01,48.4
B.Bogdanovic,J.Johnson,S.Larkin,B.Lopez,T.Young,BKN,22,103,109.6,109.6,0,56.6,1.68,17.4,26.4,72.9,52.1,0.1,51.7,56.2,91.76,49.9
R.Felton,W.Matthews,Z.Pachulia,C.Parsons,D.Williams,DAL,22,103,111.9,106.1,5.8,55.3,1.62,16.2,26.4,72.2,50,0.1,51.2,56.5,94.78,50.6
J.Barea,W.Matthews,D.Nowitzki,Z.Pachulia,C.Parsons,DAL,8,102,122.1,110.2,12,56.3,3.77,18.6,22,73.8,46.9,0.1,56,58.9,91.78,54.3
B.Biyombo,D.DeRozan,K.Lowry,P.Patterson,T.Ross,TOR,33,102,95.4,108.2,-12.7,47.8,1.1,12.7,20.7,74.7,47.7,0.1,45.6,50.6,98.1,41
A.Drummond,E.Ilyasova,R.Jackson,S.Johnson,M.Morris,DET,21,102,107.4,111.9,-4.5,50,1.4,15.5,23.7,87.5,50.9,0.1,53.4,55.6,96.7,44.5
A.Bradley,J.Jerebko,M.Smart,E.Turner,T.Zeller,BOS,19,101,105.3,106,-0.7,59.5,1.79,17.4,33.3,67.7,50.8,0.1,48.2,51.9,97.18,52.8
B.Griffin,W.Johnson,D.Jordan,C.Paul,J.Redick,LAC,17,100,104.9,97.4,7.5,63,2.13,18.2,22,78.4,49.7,0.1,49.4,53,97.62,56.7
J.Clarkson,R.Hibbert,J.Randle,D.Russell,M.World Peace,LAL,18,99,90.2,104.1,-13.9,56.1,1.32,14.5,19.6,67.3,43.8,0.1,42.8,46.8,97.05,42
M.Conley,M.Gasol,J.Green,C.Lee,Z.Randolph,MEM,25,98,98.8,115.9,-17.2,66.7,2.29,17.9,22,72.6,43.4,0.1,44.1,49.1,92.32,41.6
E.Fournier,C.Frye,T.Harris,V.Oladipo,N.Vucevic,ORL,13,98,101.3,102.8,-1.4,58.8,1.74,18.2,20.9,77.2,47.9,0.1,50.6,53.1,94.27,48.2
D.Arthur,D.Gallinari,G.Harris,N.Jokic,E.Mudiay,DEN,10,97,113.3,99.2,14.2,65.9,2.16,20.2,23.1,77.6,51.5,0.1,53.9,58.8,96.79,59.6
A.Bradley,J.Crowder,K.Olynyk,J.Sullinger,I.Thomas,BOS,23,97,115.3,94.5,20.8,61.4,2.16,18.6,25.8,77.2,51.4,0.1,52.4,57.9,103.72,63.1
D.DeRozan,C.Joseph,K.Lowry,P.Patterson,J.Valanciunas,TOR,30,97,125.6,111.8,13.8,47.4,1.71,14.4,28.4,82.9,56,0.1,56.7,62.8,93.12,59.7
D.Booker,T.Chandler,A.Goodwin,M.Morris,P.Tucker,PHX,6,96,103.5,114.2,-10.7,60.6,1.19,17,25.3,75,52.1,0.2,52.3,56.8,95.42,45.4
A.Crabbe,E.Davis,M.Harkless,M.Leonard,C.McCollum,POR,22,96,104.6,98.4,6.2,57.3,1.47,17.5,31.9,75.8,53.5,0.2,51.9,52.9,93.06,50.9
J.Green,D.Jordan,L.Mbah a Moute,C.Paul,J.Redick,LAC,9,95,117.8,106.5,11.3,61.7,2.78,20,18.9,72.8,47.1,0.1,56.9,60.2,94.51,57.4
J.Johnson,J.Richardson,D.Wade,H.Whiteside,J.Winslow,MIA,17,95,120,107.7,12.3,42.5,1.54,15.3,30.1,81,56.6,0.1,57.7,60.7,94.02,55.2
K.Caldwell-Pope,A.Drummond,E.Ilyasova,R.Jackson,S.Johnson,DET,31,94,98,111.1,-13.1,43.2,0.91,12.7,29.1,73.9,51.7,0.2,49.4,51.7,98.84,39.8
J.Butler,M.Dunleavy,P.Gasol,T.Gibson,D.Rose,CHI,6,93,102,101.8,0.2,68.8,2.65,19.1,30.2,78.9,53.8,0.1,44.7,48.8,99.72,51.7
S.Hawes,F.Kaminsky,J.Lamb,J.Lin,M.Williams,CHA,19,93,114.9,92.6,22.3,67.5,2.08,20.6,28.6,75.5,53.8,0.1,54.9,58.1,92.8,63
L.Allen,C.Budinger,G.Hill,J.Hill,R.Stuckey,IND,15,92,115.6,95.6,20,51.2,1.68,17.3,31.5,86.1,58.6,0.1,55,58.4,95.5,60.3
T.Ariza,P.Beverley,J.Harden,D.Howard,T.Jones,HOU,24,92,106.6,127.8,-21.2,47.7,1.15,13,24.7,65.7,43.2,0.1,50.3,55.1,98.23,36.3
D.Arthur,G.Harris,N.Jokic,E.Mudiay,J.Sampson,DEN,11,90,89.3,117.7,-28.4,59.7,1.74,15.6,28.2,76.5,49.5,0.1,39.9,43.2,99.5,35.2
Z.LaVine,S.Muhammad,R.Rubio,K.Towns,A.Wiggins,MIN,21,90,116.5,115.6,1,58.7,1.57,17.1,17.8,74.7,48.1,0.1,56.6,63,104.24,53.3
R.Anderson,N.Cole,D.Cunningham,A.Davis,J.Holiday,NOP,21,89,106,106.3,-0.3,60.9,2,17.2,18.4,77.9,44.5,0.1,49.4,54.5,99.22,50.2
G.Antetokounmpo,J.Bayless,M.Carter-Williams,K.Middleton,G.Monroe,MIL,19,89,111.9,105.7,6.1,58.3,1.5,17.2,22.5,75.3,50,0.2,55.6,59.8,100.9,55
N.Batum,A.Jefferson,J.Lin,K.Walker,M.Williams,CHA,26,89,119.1,86.1,33,57.5,1.91,17.1,25.3,75.3,52.8,0.1,54.2,60.2,97.65,71.6
A.Crabbe,E.Davis,M.Harkless,G.Henderson,D.Lillard,POR,27,89,108.6,116,-7.4,44.3,1.15,12.9,31.6,67.5,50,0.1,51,54.9,97.75,47.2
L.Galloway,J.Grant,K.Seraphin,L.Thomas,D.Williams,NYK,20,89,87.3,99.3,-12,68.4,1.34,16,18,73.7,43.6,0.2,40.4,46.9,100.93,42
G.Hayward,R.Hood,T.Lyles,R.Neto,J.Withey,UTA,12,89,108.8,116.6,-7.9,59.7,1.29,17.9,24.6,81.7,51.2,0.2,54.7,59.4,90.6,44.5
M.Belinelli,O.Casspi,W.Cauley-Stein,D.Collison,K.Koufos,SAC,23,88,95.1,109,-13.9,50,1.33,14.3,33.3,81.8,55.7,0.1,44,46.8,100.25,42.1
E.Bledsoe,T.Chandler,B.Knight,J.Leuer,P.Tucker,PHX,9,88,92.9,114.2,-21.3,41.5,0.9,12.1,19.5,80,47.4,0.2,47.7,50.4,98.57,39.6
A.Crabbe,E.Davis,M.Harkless,M.Leonard,D.Lillard,POR,27,88,97.3,111.4,-14.1,58.7,1.23,15.3,30.1,78.4,52.9,0.2,45.5,50,96.83,42.7
A.Afflalo,C.Anthony,L.Galloway,R.Lopez,K.Porzingis,NYK,15,87,104.7,95.8,8.9,64.5,2.67,16.6,24.8,79.2,48.3,0.1,43.2,49.5,94.99,54.7
L.Barbosa,H.Barnes,A.Iguodala,S.Livingston,M.Speights,GSW,25,87,99.9,104.3,-4.4,65.2,1.72,18,24.7,75.3,49.3,0.1,45.3,51.7,98.4,48.1
H.Barnes,S.Curry,D.Green,S.Livingston,K.Thompson,GSW,29,87,130.5,107.9,22.6,66.3,2.21,20.8,28.6,73.7,54.5,0.1,61.1,66.7,99.77,63.1
W.Barton,K.Faried,D.Gallinari,G.Harris,E.Mudiay,DEN,22,87,115,114.7,0.3,52.2,1.35,14.3,29.9,74.7,52,0.1,50,58.4,104.51,50.4
I.Canaan,J.Grant,N.Noel,I.Smith,H.Thompson,PHI,15,87,99.8,104.6,-4.7,60,1.44,15.8,14.6,74.7,44.1,0.1,49.3,53.8,103.41,44.5
L.Allen,M.Ellis,P.George,G.Hill,J.Hill,IND,25,86,114.4,98.4,16,60,1.77,16.6,32.9,76.5,55,0.1,50,55.9,92.2,59.4
A.Aminu,A.Crabbe,C.McCollum,M.Plumlee,N.Vonleh,POR,10,86,103.4,104.1,-0.6,56.1,1.61,16.6,17.8,71.8,46.8,0.1,52.1,54.9,95.13,51.3
J.Grant,T.McConnell,N.Noel,J.Okafor,N.Stauskas,PHI,10,86,78.7,105.6,-26.9,47.5,0.67,12.8,21.1,73.8,48.8,0.2,44.3,46.3,94.96,33.8
B.Bass,K.Bryant,J.Clarkson,J.Randle,D.Russell,LAL,31,85,124.5,116.8,7.7,46.8,4.63,15.5,30.5,75.3,51.6,0,52.3,56.8,98.2,52.6
C.Bosh,L.Deng,G.Dragic,A.Stoudemire,D.Wade,MIA,12,85,108.7,99.6,9.1,71.4,2.39,22.5,25,88.3,57.7,0.1,53,56,97.57,56.5
D.DeRozan,K.Lowry,P.Patterson,T.Ross,J.Valanciunas,TOR,32,85,131.6,101.4,30.2,53,3.67,19.1,12.7,77.3,50,0.1,62.6,67.7,95.69,68.2
J.Crawford,B.Griffin,D.Jordan,C.Paul,J.Redick,LAC,21,84,122.9,105.6,17.4,73.6,3.12,21.3,12.9,72.9,45.8,0.1,62.1,64.2,103.56,64.6
L.Deng,G.Dragic,G.Green,D.Wade,H.Whiteside,MIA,20,84,109.9,117.4,-7.5,52.9,1.48,17,31.3,70.3,51.8,0.2,52.8,56.4,91.63,46.4
T.Allen,M.Chalmers,M.Gasol,C.Lee,Z.Randolph,MEM,14,83,97,110.3,-13.3,60.7,1.54,17.6,24.6,70.8,47.7,0.2,47.4,51.1,89.72,45.6
A.Baynes,S.Blake,K.Caldwell-Pope,S.Johnson,A.Tolliver,DET,19,83,99.5,111.1,-11.5,68.7,1.84,19.3,28.8,72.7,50.3,0.1,49,50.4,94.27,48.2
J.Crawford,D.Jordan,C.Paul,P.Pierce,J.Redick,LAC,27,83,116.8,102.1,14.8,64.3,1.73,19.5,11.5,84.6,49.2,0.1,61.9,65.4,99.01,60.5
D.Dedmon,E.Fournier,A.Gordon,V.Oladipo,E.Payton,ORL,12,82,106.2,109.8,-3.6,63.5,1.81,20.1,26.5,59.7,44.1,0.2,53.4,55.8,100.8,48.3
L.Deng,G.Dragic,J.Johnson,D.Wade,H.Whiteside,MIA,15,82,118.5,104.3,14.1,53.2,2.16,17.9,32.4,76.6,55.4,0.1,53.6,57.8,96.75,57.8
K.Durant,R.Foye,E.Kanter,K.Singler,D.Waiters,OKC,13,82,101.4,124.7,-23.2,55,0.89,14.8,35.3,59,47.9,0.2,50,55,96.35,38.3
D.Augustin,W.Barton,J.Lauvergne,J.Nurkic,A.Toupane,DEN,7,81,120.4,103.8,16.5,59.7,2.09,20,35.3,80,57.1,0.1,57.8,59.4,93.27,58.6
N.Batum,A.Jefferson,C.Lee,K.Walker,M.Williams,CHA,20,81,120.9,105.7,15.2,54.2,3.25,19.1,16.2,76.7,47.5,0.1,58.3,60.8,92.96,52.9
T.Duncan,D.Green,K.Leonard,T.Parker,D.West,SAS,21,81,108.8,92,16.8,63.6,1.62,19.1,24.3,81.3,53.8,0.2,53.7,57.6,93.58,60.2
T.Ariza,J.Harden,D.Howard,T.Jones,J.Terry,HOU,16,80,92.8,108.5,-15.6,58.7,0.79,13.4,17.4,75.4,45.5,0.2,46.1,53.7,98.86,38.1
T.Ariza,J.Harden,D.Howard,T.Lawson,M.Thornton,HOU,10,80,104.1,103.8,0.2,54.5,1.71,16,28.9,77.6,50.7,0.1,48,51.1,95.48,49.1
D.Arthur,W.Barton,R.Foye,N.Jokic,J.Nelson,DEN,14,80,98,106.6,-8.6,51.7,1.72,14.3,27.6,76.9,48.7,0.1,43.5,47.3,95.2,41.8
K.Caldwell-Pope,A.Drummond,R.Jackson,S.Johnson,M.Morris,DET,26,80,115.7,98.9,16.8,38.5,1.32,11.5,31.7,76.7,57.7,0.1,52.6,57.5,106.54,63.5
J.Crawford,P.Pierce,A.Rivers,J.Smith,L.Stephenson,LAC,11,80,92.5,99.6,-7.2,61,1.2,16.9,18.9,63.5,42.8,0.2,48.9,51.2,97.03,46.9
J.Butler,P.Gasol,T.Gibson,E.Moore,D.Rose,CHI,11,79,108.2,105.3,2.9,52.9,2,16.8,28.2,76,52.7,0.1,48.9,53.4,96.87,53.3
T.Ariza,P.Beverley,C.Capela,J.Harden,T.Jones,HOU,22,78,117.7,119.5,-1.8,50,1.65,16.8,25.4,68.3,46.3,0.1,57.8,60.5,91.91,45.9
J.Crowder,A.Johnson,M.Smart,J.Sullinger,I.Thomas,BOS,14,78,103.8,98.1,5.7,59.7,1.82,17.8,27.3,76.1,50,0.1,49.7,52.2,98.94,53.9
R.Gobert,G.Hayward,R.Hood,T.Lyles,S.Mack,UTA,16,78,101.7,86.5,15.2,52.7,1.21,14.6,30.6,77.1,53.5,0.2,48.1,51.5,90.54,59
P.Hairston,J.Lin,K.Walker,M.Williams,C.Zeller,CHA,9,78,98,122.1,-24.1,61.4,1.75,17.5,11.1,77.8,39.7,0.1,50.4,53,98.14,33.3
A.Jefferson,F.Kaminsky,J.Lamb,J.Lin,K.Walker,CHA,17,78,104.3,92.1,12.2,41.7,2.08,12.8,16.9,79.2,48.1,0.1,47.8,51.8,98.22,56
M.Carter-Williams,O.Mayo,K.Middleton,G.Monroe,J.Parker,MIL,19,77,98.8,97.4,1.4,65.1,1.95,19.3,17.1,76.9,44.7,0.1,49.3,52,98.61,49.7
D.Augustin,N.Collison,E.Kanter,A.Morrow,D.Waiters,OKC,15,76,93.9,113.5,-19.7,51.9,0.85,15.1,20.4,81,53,0.2,51.7,55.3,91.98,40.3
S.Curry,F.Ezeli,D.Green,A.Iguodala,S.Livingston,GSW,20,76,132.7,84.7,48.1,59.7,1.59,18.4,43.1,80,62.9,0.2,61.4,66,106.61,76.5
K.Durant,S.Ibaka,E.Kanter,A.Roberson,R.Westbrook,OKC,26,76,111.6,105,6.5,55.7,1.77,18,26.2,72.3,52,0.1,52.9,57.6,101,55.4
T.Ariza,P.Beverley,C.Brewer,C.Capela,J.Harden,HOU,22,75,123.8,98.8,25,59.4,1.58,18,25,75.4,51.4,0.2,62.6,66.5,100.94,63.6
A.Baynes,B.Jennings,S.Johnson,M.Morris,A.Tolliver,DET,14,75,103.4,109.1,-5.7,62.5,1.4,17.1,31.9,85.9,57.9,0.2,48.1,52.8,95.35,47.3
A.Gordon,M.Hezonja,V.Oladipo,E.Payton,N.Vucevic,ORL,11,75,118.1,94.7,23.4,63.5,3.13,20.7,31.4,79.7,56.3,0.1,52.7,56.5,101.08,62.4
L.Allen,M.Ellis,P.George,J.Hill,R.Stuckey,IND,26,74,109.8,101.4,8.4,51.6,1.52,15.3,33.3,70.4,52.1,0.1,49.3,54.2,97.56,54.3
G.Antetokounmpo,J.Bayless,O.Mayo,K.Middleton,G.Monroe,MIL,10,74,91.3,104.3,-13,69.8,1.48,19.3,10.3,79.4,43.5,0.2,49.6,52,94.82,41.8
N.Bjelica,G.Dieng,Z.LaVine,S.Muhammad,T.Prince,MIN,12,74,103,113.1,-10.2,51.9,1.12,15.3,20,69.5,46.8,0.2,51.8,57.4,93.75,46
S.Hawes,F.Kaminsky,J.Lamb,J.Lin,K.Walker,CHA,21,74,101.1,86.9,14.2,62.3,1.5,16.9,13.8,71.8,47.1,0.1,50,55.6,101.53,61.7
A.Aminu,G.Henderson,D.Lillard,C.McCollum,M.Plumlee,POR,23,73,106,105.6,0.4,62.7,1.68,16.3,20,80.3,48.1,0.1,48.7,54.8,97.91,52
K.Bazemore,A.Horford,K.Korver,P.Millsap,D.Schroder,ATL,17,73,112.2,100.1,12.2,59,1.64,17.3,29.2,63.3,45.6,0.1,52.7,57.2,95.39,56.6
D.Booker,T.Chandler,A.Goodwin,A.Len,P.Tucker,PHX,9,73,82.6,104.4,-21.8,67.4,1,16.1,20,76.8,49.3,0.2,43.5,47,98.19,36
J.Crawford,W.Johnson,P.Pierce,A.Rivers,J.Smith,LAC,14,73,76.6,106.5,-29.9,44.7,0.94,9.9,11.3,67.2,35.5,0.1,35.5,40.8,97.64,23.6
M.Dellavedova,L.James,K.Love,I.Shumpert,T.Thompson,CLE,25,73,118.2,108.1,10,53.6,1.88,15.8,30,85,55.4,0.1,52.9,57,92.72,52
M.Barnes,M.Conley,M.Gasol,C.Lee,Z.Randolph,MEM,19,72,108.8,114.3,-5.5,63.6,2.06,17.9,29,78.7,52.3,0.1,49.2,53.2,94.19,46.7
M.Belinelli,D.Collison,R.Gay,K.Koufos,R.Rondo,SAC,22,72,88.5,118.8,-30.3,59.2,1.32,15.2,18.9,68.6,39.2,0.1,41.7,46.8,100,30.6
K.Caldwell-Pope,A.Drummond,R.Jackson,S.Johnson,A.Tolliver,DET,28,72,99,103.5,-4.4,36.2,1.24,10.8,31.3,86,54,0.1,45.3,47,99.57,41.9
T.Hardaway Jr.,A.Horford,K.Korver,D.Schroder,M.Scott,ATL,25,72,100.4,97.9,2.5,79.6,1.87,20.9,16.2,70.6,43.4,0.2,51.2,54.5,96.2,50.2
K.Anderson,B.Diaw,M.Ginobili,P.Mills,D.West,SAS,20,71,106.7,108.9,-2.2,62.3,2.38,20,21.3,70.7,45.4,0.1,52.4,54.5,97.13,47
T.Ariza,J.Harden,D.Howard,T.Jones,T.Lawson,HOU,16,71,106.1,112.9,-6.8,66.7,1.71,17.5,28.2,69.8,47.8,0.1,47.6,53.4,101.01,45.9
B.Bass,J.Clarkson,J.Randle,D.Russell,N.Young,LAL,18,71,93.6,115.4,-21.8,51.2,1.16,11.9,33.3,74.6,51.1,0.1,38.2,44.5,94.6,34
N.Batum,M.Kidd-Gilchrist,K.Walker,M.Williams,C.Zeller,CHA,4,71,116.3,94.5,21.8,54.1,1.5,17.6,16.7,87.3,56.8,0.2,60.8,63.9,97.19,61.5
M.Belinelli,O.Casspi,D.Collison,R.Gay,K.Koufos,SAC,25,71,103,104.6,-1.6,60.7,2,17.6,28.8,70.8,48.6,0.1,46.2,50,93.65,49.7
W.Cauley-Stein,D.Collison,D.Cousins,R.Gay,R.Rondo,SAC,13,71,118.6,97.3,21.4,64.1,2.05,19.7,28.8,78.4,57.9,0.1,55.9,61.3,102.13,69.8
J.Crowder,A.Johnson,K.Olynyk,I.Thomas,E.Turner,BOS,9,71,98.8,101.3,-2.5,57.1,2.91,16.6,26,66.7,44.9,0.1,43.2,46.8,95.37,48.3
D.DeRozan,K.Lowry,N.Powell,J.Thompson,J.Valanciunas,TOR,5,71,118.3,90.5,27.8,63.8,1.95,20.6,21.6,72.3,50,0.1,58.9,63,92.64,65.7
D.Dedmon,E.Fournier,A.Gordon,B.Jennings,V.Oladipo,ORL,8,71,111.6,107.8,3.9,53.3,2,16.9,24.6,74.1,48.7,0.1,51.9,56.2,98.64,50.8
J.Green,D.Jordan,C.Paul,P.Pierce,J.Redick,LAC,9,71,108.6,114.1,-5.5,61.9,2.29,21.3,1.7,67.1,37.2,0.1,60.3,61.2,99.83,45.8
A.Afflalo,J.Calderon,R.Lopez,K.Porzingis,L.Thomas,NYK,8,70,100.3,117.6,-17.3,49.1,1.23,16.2,18.9,68.6,47.2,0.2,53.6,55.3,89.85,42.6
T.Ariza,M.Beasley,P.Beverley,J.Harden,D.Howard,HOU,15,70,101.5,121.3,-19.7,61.1,1.38,17.7,18.6,76.5,45.5,0.2,52.2,55.8,98.16,40
B.Beal,J.Dudley,M.Gortat,G.Temple,J.Wall,WAS,20,70,113.6,95.8,17.8,60,2.25,18.1,28.1,79.7,52.8,0.1,52,56,99.11,59.7
B.Bogdanovic,J.Johnson,B.Lopez,D.Sloan,T.Young,BKN,15,70,110.2,101.3,8.9,55,1.32,17.3,19.6,81.2,53.6,0.2,57.8,60.9,101.54,55.6
T.Booker,R.Gobert,G.Hayward,R.Hood,R.Neto,UTA,23,70,105.2,109.1,-3.9,44,0.76,13.1,35.4,79.2,58.4,0.2,53.8,58,89.52,47.4
K.Faried,D.Gallinari,G.Harris,J.Lauvergne,E.Mudiay,DEN,12,70,98.1,104.5,-6.4,67.3,1.37,18.8,23.8,70.1,47.7,0.2,50,53.5,101.12,44.1
A.Afflalo,C.Anthony,J.Calderon,R.Lopez,D.Williams,NYK,20,69,95.6,119.8,-24.2,44.9,1.16,12.7,21,75.8,48.4,0.1,44.7,50,95.01,38
R.Anderson,A.Davis,T.Douglas,A.Gee,J.Holiday,NOP,18,69,108.9,92.4,16.5,68.3,2.53,21.3,16.9,84.1,50,0.1,55.4,56.7,103.59,61.3
C.Anthony,J.Grant,R.Lopez,S.Vujacic,D.Williams,NYK,5,69,109.2,104.2,5,53.8,1.27,16.2,25,68.4,50.4,0.2,54.5,58.1,92.58,53.8
O.Asik,N.Cole,D.Cunningham,A.Davis,B.Dejean-Jones,NOP,7,69,106.7,104,2.7,51.6,2.2,17.7,26.2,79,52,0.1,51.2,52.6,95.45,50.8
N.Batum,F.Kaminsky,J.Lin,K.Walker,C.Zeller,CHA,19,69,110.8,102.5,8.3,59.2,1.32,14.7,30.3,76.8,54.1,0.1,47.9,56.2,100.01,56.7
B.Biyombo,D.DeRozan,K.Lowry,N.Powell,L.Scola,TOR,9,69,116.5,102.3,14.2,58.9,1.74,16.8,37.5,73,55.1,0.1,52.4,56.2,95.61,54.6
J.Butler,P.Gasol,T.Gibson,D.McDermott,D.Rose,CHI,27,69,111.8,102.8,9,50.9,1.93,15.2,21.5,70.4,48.6,0.1,50.4,55.9,95.09,56.5
G.Dieng,S.Muhammad,R.Rubio,K.Towns,A.Wiggins,MIN,20,69,114.2,93.6,20.7,63.8,1.61,17.9,41.4,80.3,61.3,0.2,49.6,56.7,98.93,67
W.Ellington,J.Johnson,S.Larkin,B.Lopez,T.Young,BKN,23,69,94.8,97.8,-3,50,1.29,15.4,16.7,70.4,47.2,0.2,48.7,51.9,93.79,48.9
Q.Acy,D.Collison,D.Cousins,R.Gay,R.Rondo,SAC,10,68,98.1,93.7,4.4,56.6,1.5,16.2,13.8,73.1,45.6,0.1,49.2,53.4,101.19,56.2
P.Hairston,S.Hawes,J.Lin,K.Walker,M.Williams,CHA,7,68,108.7,99.3,9.4,56.9,2.23,15.8,20.6,83.6,50.4,0.1,47.2,54,101.08,54.1
A.Afflalo,C.Anthony,L.Galloway,R.Lopez,L.Thomas,NYK,21,67,108.7,92.1,16.5,49,1.09,14.9,28,81.5,58.3,0.2,52.9,58.4,95.28,61.7
T.Allen,C.Andersen,M.Barnes,J.Farmar,Z.Randolph,MEM,5,67,78.1,115.3,-37.2,57.1,1,13.2,37.5,66,49.2,0.2,35,38.2,90.62,26.6
N.Batum,A.Jefferson,J.Lamb,K.Walker,M.Williams,CHA,10,67,103.9,97.4,6.5,43.9,1.56,14.8,16.7,73.1,46.5,0.1,51.7,54.4,97.76,54.3
N.Bjelica,T.Prince,R.Rubio,K.Towns,A.Wiggins,MIN,20,67,98.6,77.9,20.6,58.3,1.65,15.3,24.6,77.3,50.4,0.1,41.8,49.3,97.55,69.9
A.Bradley,J.Crowder,J.Sullinger,I.Thomas,E.Turner,BOS,29,67,110.1,90.6,19.4,67.9,1.89,16.7,20.3,78.3,47.3,0.1,47.6,56.8,108.08,67
D.Dedmon,E.Fournier,T.Harris,V.Oladipo,E.Payton,ORL,7,67,89.2,98.5,-9.2,54.3,1.14,13.7,24.6,77,49.2,0.2,42.1,46.3,99.02,42.5
C.Joseph,K.Lowry,P.Patterson,T.Ross,J.Valanciunas,TOR,16,67,122.8,101.5,21.3,58.6,2.13,19.9,26.5,63.5,45.5,0.1,61.6,62.9,86.33,64.2
W.Barton,K.Faried,D.Gallinari,G.Harris,J.Nelson,DEN,12,66,114.6,109.3,5.3,59.3,2.91,17.1,34.3,70.6,50,0.1,46.4,52.5,93.25,52.2
M.Brown,J.Jack,J.Johnson,B.Lopez,T.Young,BKN,9,66,113.6,115,-1.4,64.4,1.9,20.9,32.7,89.4,59.6,0.2,55.9,58.2,93.9,48.8